"Type","Position","Bib","Name","Time","Category","Cat_Pos","Gender","Gen_Pos","Loop_1_Green","Loop_2_Yellow","Loop_3_Red","Loop_4_Green","Loop_5_Yellow","Loop_6_Red","Loop_7_Green","Loop_8_Yellow","Loop_9_Red","Loop_10_Green","Loop_11_Yellow","Loop_12_Red","Loop_13_Green","Loop_14_Yellow","Loop_15_Red","Loop_16_Green","Loop_17_Yellow","Loop_18_Red","Loop_19_Green","Loop_20_Yellow","Loop_21_Red","Loop_22_Green","Loop_23_Yellow","Loop_24_Red"
"Regular","1","38","Slap Happy","20:47:21","Open","1","Male","1","47:41:00","32:54:00","41:34:00","36:46:00","34:32:00","54:18:00","44:48:00","04:36:20","54:07:00","40:29:00","29:13:00","47:27:00","39:30:00","35:17:00","55:02:00","42:51:00","37:29:00","47:18:00","33:28:00","32:09:00","49:20:00","44:02:00","37:20:00","53:11:00"
"Regular","2","666","Hammpions","21:24:52","Open","1","Mixed","1","42:40:00","35:19:00","51:55:00","43:49:00","35:26:00","57:54:00","04:47:33","31:06:00","52:43:00","39:57:00","38:18:00","49:39:00","41:13:00","40:04:00","59:42:00","38:13:00","34:54:00","49:52:00","42:47:00","40:16:00","44:10:00","42:46:00","40:16:00","44:10:00"
"Regular","3","171","Miamimodafocas","22:03:02","Open","2","Male","2","45:11:00","36:49:00","51:06:00","45:18:00","36:49:00","58:18:00","43:32:00","33:38:00","56:37:00","05:46:30","37:39:00","01:00:21","46:27:00","39:56:00","52:00:00","39:20:00","39:47:00","55:51:00","40:59:00","38:13:00","54:16:00","44:57:00","35:16:00","44:04:00"
"Regular","4","227","36 Run Club","22:20:13","CrossFit","1","Mixed","2","44:06:00","39:32:00","49:42:00","47:05:00","39:08:00","54:23:00","42:37:00","34:34:00","01:00:45","04:44:25","35:52:00","01:07:56","48:00:00","38:00:00","53:19:00","38:21:00","38:51:00","57:23:00","40:02:00","41:00:00","56:45:00","45:36:00","36:09:00","46:29:00"
"Regular","5","124","Extremophile Runners","22:30:45","Masters","1","Male","3","45:52:00","41:41:00","01:04:46","44:31:00","47:19:00","45:29:00","04:40:56","40:20:00","59:21:00","49:41:00","44:27:00","49:47:00","53:03:00","31:43:00","53:11:00","42:37:00","35:01:00","55:12:00","42:36:00","35:01:00","55:12:00","42:38:00","34:59:00","55:12:00"
"Regular","6","175","Postfontaine","23:02:48","Open","3","Male","4","44:03:00","40:47:00","01:04:23","44:23:00","38:57:00","56:14:00","50:16:00","30:53:00","56:11:00","49:21:00","45:53:00","04:57:40","47:54:00","38:25:00","01:02:37","35:26:00","42:50:00","58:35:00","51:17:00","37:14:00","58:02:00","45:41:00","41:31:00","44:04:00"
"Regular","7","223","Morning Chalk Up","23:18:47","CrossFit","2","Mixed","3","43:11:00","37:23:00","01:01:20","48:32:00","42:59:00","53:20:00","45:33:00","37:18:00","54:38:00","04:43:16","47:30:00","01:05:31","51:56:00","37:48:00","58:11:00","44:55:00","38:22:00","59:46:00","49:02:00","38:10:00","01:02:42","43:44:00","38:08:00","55:19:00"
"Regular","8","86","The Bad News Beavers","23:27:16","Open","1","Female","1","45:05:00","33:39:00","43:23:00","50:49:00","36:01:00","01:05:25","51:03:00","43:09:00","01:00:48","04:40:11","31:47:00","01:08:29","44:06:00","48:44:00","01:10:39","51:01:00","45:10:00","48:19:00","36:20:00","45:32:00","50:06:00","48:53:00","43:48:00","01:04:41"
"Regular","9","42","The Griswolds","23:42:05","Open","2","Mixed","4","47:22:00","37:47:00","56:36:00","49:31:00","38:15:00","58:41:00","04:50:51","36:54:00","01:15:40","47:18:00","39:04:00","01:04:40","42:39:00","39:10:00","01:02:17","46:40:00","44:07:00","54:17:00","46:39:00","44:07:00","54:17:00","46:40:00","44:07:00","54:17:00"
"Regular","10","53","Whaaaaaaaaaaaat?","23:57:59","Open","4","Male","5","44:57:00","47:47:00","52:16:00","42:18:00","36:41:00","01:01:20","43:58:00","39:49:00","58:02:00","01:00:48","41:33:00","55:35:00","04:43:49","53:04:00","01:05:42","50:03:00","45:02:00","01:17:04","43:31:00","37:51:00","58:41:00","50:36:00","37:03:00","50:17:00"
"Regular","11","187","Osceola Warriors Cross Country Team","24:07:55","High School","1","Mixed","5","42:38:00","39:16:00","51:13:00","41:54:00","32:30:00","01:01:33","05:20:07","43:42:00","59:14:00","51:57:00","49:31:00","56:00:00","40:51:00","47:00:00","01:19:45","43:20:00","38:51:00","01:01:21","43:19:00","38:51:00","01:01:21","43:20:00","38:51:00","01:01:21"
"Regular","12","160","Sobe Run Club","24:23:10","Open","3","Mixed","6","58:48:00","38:57:00","01:09:46","47:47:00","30:23:00","01:00:06","44:06:00","41:50:00","01:15:19","47:06:00","05:08:15","57:47:00","35:42:00","43:19:00","01:00:12","48:31:00","53:01:00","57:55:00","58:34:00","41:17:00","43:18:00","45:28:00","37:02:00","58:29:00"
"Regular","13","100","Sofa King Fast","24:30:37","Submasters","1","Male","6","49:54:00","48:56:00","01:06:51","55:01:00","36:09:00","01:00:54","47:14:00","04:38:36","01:02:36","01:08:14","49:28:00","01:02:37","42:20:00","41:47:00","55:05:00","51:55:00","43:18:00","54:02:00","51:54:00","43:18:00","51:02:00","51:55:00","43:18:00","54:02:00"
"Regular","14","142","Byot","24:36:09","Submasters","2","Male","7","49:06:00","41:56:00","01:00:18","45:00:00","43:50:00","57:38:00","38:45:00","49:17:00","01:07:52","50:12:00","46:36:00","58:20:00","55:30:00","43:47:00","04:46:57","57:00:00","45:16:00","01:03:10","52:21:00","40:24:00","01:07:57","49:54:00","32:10:00","01:12:41"
"Regular","15","219","Crossfit Threshold","24:51:36","CrossFit","1","Male","8","52:29:00","43:21:00","01:06:54","51:53:00","41:14:00","01:01:34","48:11:00","45:58:00","05:14:48","50:57:00","46:06:00","01:00:18","49:52:00","40:02:00","01:10:31","48:43:00","40:41:00","01:00:04","47:42:00","42:10:00","59:03:00","47:41:00","42:10:00","59:03:00"
"Regular","16","71","What The Elf?","24:57:44","Open","4","Mixed","7","54:21:00","44:30:00","01:15:51","44:23:00","35:42:00","01:11:21","48:08:00","34:42:00","01:23:10","50:30:00","52:45:00","04:57:12","42:37:00","52:52:00","01:01:16","38:43:00","51:00:00","56:13:00","01:07:15","37:57:00","49:51:00","59:16:00","39:59:00","47:59:00"
"Regular","17","90","Sans Vans","25:25:44","Submasters","3","Male","9","47:39:00","47:22:00","01:06:45","49:01:00","45:44:00","51:01:00","41:09:00","58:19:00","01:04:04","01:14:54","04:50:31","01:00:43","59:27:00","38:36:00","58:27:00","01:04:42","43:26:00","48:46:00","49:27:00","35:13:00","01:12:50","49:26:00","35:13:00","01:12:50"
"Regular","18","157","We Seek Large Marge","25:34:45","Submasters","4","Male","10","53:47:00","39:24:00","01:07:22","47:13:00","35:54:00","01:01:14","54:13:00","40:32:00","01:17:41","04:45:33","52:19:00","54:45:00","45:41:00","45:11:00","01:07:57","01:00:04","47:28:00","01:01:05","01:00:03","47:28:00","01:01:05","01:00:04","47:28:00","01:01:05"
"Regular","19","130","S More Miles To Go","25:36:03","Open","5","Mixed","8","52:10:00","42:19:00","01:22:41","48:36:00","40:56:00","01:03:23","41:36:00","47:02:00","01:02:00","51:41:00","01:00:55","01:01:39","04:49:04","50:09:00","57:52:00","55:41:00","45:45:00","01:03:55","01:05:15","39:50:00","59:07:00","50:03:00","34:19:00","01:09:51"
"Regular","20","186","Going For A Run","25:38:05","Submasters","1","Mixed","9","47:52:00","56:04:00","55:57:00","53:10:00","01:33:22","01:02:06","48:24:00","05:21:39","45:27:00","01:02:46","01:04:59","01:09:16","01:05:00","39:07:00","56:13:00","48:33:00","41:25:00","42:14:00","48:32:00","41:25:00","42:14:00","48:33:00","41:25:00","42:14:00"
"Regular","21","144","Lost In Pace - Part Deaux","25:58:38","Masters","1","Mixed","10","51:54:00","37:50:00","59:44:00","01:04:27","46:16:00","58:01:00","54:10:00","36:38:00","01:15:20","45:46:00","47:39:00","01:30:58","04:58:30","42:45:00","01:22:32","43:24:00","50:58:00","53:24:00","48:47:00","56:01:00","01:11:39","46:03:00","46:29:00","49:12:00"
"Regular","22","243","Crossfit 305","25:59:28","CrossFit","2","Male","11","58:51:00","57:43:00","01:00:08","43:03:00","37:34:00","56:31:00","52:03:00","39:34:00","01:27:29","54:01:00","46:27:00","55:22:00","47:50:00","04:55:23","01:04:34","01:13:25","42:33:00","01:11:30","58:40:00","38:44:00","01:13:11","51:27:00","39:34:00","53:37:00"
"Regular","23","83","Saints And Sinners","26:03:08","Open","5","Male","12","01:06:02","41:01:00","59:17:00","01:00:47","39:48:00","59:45:00","58:44:00","35:22:00","05:30:08","59:04:00","50:46:00","01:19:27","42:53:00","39:14:00","01:16:35","40:26:00","57:08:00","41:42:00","52:16:00","58:22:00","51:46:00","52:15:00","58:22:00","51:46:00"
"Regular","24","210","Butt Sweat And Beers","26:15:33","Open","6","Male","13","01:05:19","54:08:00","01:11:38","40:05:00","49:42:00","01:05:07","57:52:00","37:25:00","05:20:24","01:01:11","54:51:00","01:06:57","53:42:00","46:36:00","01:24:29","52:14:00","41:24:00","01:16:31","52:13:00","41:24:00","12:03:00","52:14:00","41:24:00","01:16:32"
"Regular","25","229","Superfeet","26:17:01","Submasters","2","Mixed","11","57:51:00","52:17:00","01:10:49","01:00:36","37:35:00","50:36:00","54:40:00","42:10:00","01:09:25","01:01:33","49:30:00","01:19:54","46:19:00","04:37:13","01:16:08","57:02:00","52:05:00","01:17:10","56:28:00","47:24:00","54:18:00","39:53:00","48:17:00","57:37:00"
"Regular","26","213","In Tents","26:22:22","Submasters","3","Mixed","12","47:49:00","49:49:00","01:03:08","01:01:06","50:03:00","01:02:30","42:40:00","01:05:46","43:10:00","48:48:00","53:14:00","01:17:03","59:18:00","04:44:04","44:31:00","01:07:22","01:00:00","01:02:20","55:14:00","48:42:00","51:55:00","01:11:12","39:03:00","01:13:21"
"Regular","27","206","Rocket Man S Dotards","26:25:25","Masters","2","Male","14","52:04:00","41:38:00","01:09:53","01:01:17","45:00:00","01:11:29","45:42:00","04:41:54","01:11:29","49:37:00","53:52:00","01:15:38","50:48:00","47:18:00","54:18:00","58:22:00","48:15:00","01:04:29","58:21:00","48:15:00","01:04:29","58:22:00","48:15:00","01:04:29"
"Regular","28","87","The Misfits","26:26:55","Masters","3","Male","15","48:45:00","51:02:00","01:17:30","45:15:00","36:58:00","01:15:26","52:43:00","44:38:00","01:09:48","05:30:59","54:59:00","01:12:42","46:12:00","50:55:00","56:01:00","01:03:52","40:20:00","53:28:00","01:03:51","40:20:00","53:23:00","01:03:52","40:20:00","53:28:00"
"Regular","29","127","Trails And Tribulations","26:31:35","Open","6","Mixed","13","57:28:00","47:08:00","01:05:00","01:00:01","46:31:00","01:06:48","55:18:00","37:49:00","01:13:15","56:34:00","47:38:00","01:32:53","04:55:45","49:51:00","01:15:18","45:40:00","48:39:00","01:08:20","54:37:00","39:16:00","56:52:00","54:36:00","39:16:00","56:52:00"
"Regular","30","65","Flying Peacocks!!","26:39:34","Corporate/Public Service","1","Mixed","14","51:14:00","48:11:00","01:10:12","55:23:00","39:30:00","01:01:06","42:13:00","04:37:09","01:13:29","01:11:55","50:48:00","01:04:36","49:27:00","37:12:00","47:38:00","53:46:00","48:07:00","01:24:34","53:45:00","48:07:00","01:24:34","53:46:00","48:07:00","01:24:34"
"Regular","31","230","Survive & Thrive Fitness Squad","26:40:19","CrossFit","3","Mixed","15","49:55:00","42:06:00","01:14:47","43:44:00","40:03:00","01:12:42","54:17:00","39:34:00","01:07:12","52:58:00","55:26:00","57:31:00","53:42:00","05:27:32","01:13:19","51:19:00","45:29:00","01:03:05","01:01:57","43:21:00","59:16:00","01:00:27","49:47:00","01:00:38"
"Regular","32","14","Not Too Fast But Furious","26:48:04","Submasters","4","Mixed","16","46:44:00","43:29:00","01:10:27","01:01:26","43:54:00","01:14:06","50:51:00","42:18:00","01:03:32","54:42:00","50:44:00","01:25:16","04:54:04","54:02:00","01:12:02","49:45:00","42:03:00","01:06:12","56:28:00","52:20:00","01:05:26","58:44:00","43:52:00","01:05:25"
"Regular","33","200","F3 - Sarasota","26:49:33","Open","7","Male","16","52:13:00","44:33:00","01:06:05","46:30:00","56:25:00","01:04:39","49:34:00","40:33:00","06:02:27","01:05:29","46:59:00","01:22:25","43:54:00","51:02:00","55:23:00","47:02:00","52:00:00","01:04:03","52:34:00","38:02:00","01:08:28","52:33:00","38:02:00","01:08:28"
"Regular","34","40","Yin & Yang","26:56:00","Masters","4","Male","17","59:41:00","41:26:00","01:12:42","54:08:00","44:36:00","01:00:54","54:17:00","43:45:00","01:16:43","51:45:00","49:17:00","01:08:45","01:00:09","46:25:00","05:10:32","55:21:00","58:40:00","01:06:27","54:13:00","43:36:00","01:17:56","52:20:00","45:30:00","01:06:38"
"Regular","35","118","Under20Horas","26:57:13","Masters","5","Male","18","55:31:00","01:47:50","58:08:00","43:03:00","01:01:45",":24","01:03:05","40:10:00","01:14:56","05:37:27","48:52:00","01:19:38","51:36:00","41:38:00","01:20:37","49:29:00","56:42:00","01:08:16","48:42:00","40:41:00","01:00:04","48:43:00","40:41:00","01:00:04"
"Regular","36","54","Sexy Midnight Runners 2.0","27:06:51","Submasters","5","Mixed","17","51:40:00","46:11:00","59:39:00","47:20:00","52:47:00","01:22:39","50:45:00","41:21:00","01:07:02","54:27:00","47:11:00","01:00:24","05:01:13","01:08:48","01:11:26","48:35:00","46:55:00","01:02:12","01:04:57","45:25:00","01:12:41","01:04:56","45:25:00","01:12:41"
"Regular","37","140","Flagler County Ragnarians","27:15:35","Open","8","Male","19","43:18:00","01:16:31","51:06:00","46:20:00","52:31:00","55:38:00","59:17:00","46:39:00","52:25:00","59:09:00","04:45:35","01:03:00","01:02:27","53:12:00","01:15:59","54:57:00","37:16:00","01:58:54","50:31:00","45:26:00","01:14:38","50:30:00","45:26:00","01:14:38"
"Regular","38","226","Cops Cooks And A Rp","27:16:20","Corporate/Public Service","2","Mixed","18","56:19:00","44:06:00","01:10:33","51:44:00","47:25:00","01:24:20","49:43:00","48:30:00","01:15:44","55:54:00","04:46:18","01:06:06","56:55:00","59:44:00","01:02:27","53:40:00","44:59:00","01:03:23","01:11:09","42:30:00","01:05:32","01:11:08","42:30:00","01:05:32"
"Regular","39","60","Endurance House Homies","27:17:51","Submasters","5","Male","20","44:46:00","01:07:30","01:07:15","44:35:00","01:04:11","01:01:19","36:13:00","43:13:00","56:26:00","01:16:24","04:54:09","01:07:44","01:25:08","46:37:00","50:56:00","52:06:00","39:16:00","02:00:32","53:33:00","43:38:00","01:02:28","53:32:00","43:38:00","01:02:28"
"Regular","40","184","Caffeine And Kilometers","27:18:15","Open","7","Mixed","19","01:01:17","56:32:00","01:04:36","48:42:00","47:58:00","01:09:47","43:24:00","40:35:00","01:24:19","05:33:30","47:27:00","01:04:36","56:51:00","54:58:00","49:50:00","43:41:00","56:22:00","01:20:54","01:02:02","37:26:00","01:06:56","01:02:01","37:26:00","01:06:56"
"Regular","41","188","Team 3Rd Gear","27:19:30","CrossFit","4","Mixed","20","59:47:00","44:16:00","01:06:46","56:20:00","52:15:00","01:06:03","47:16:00","39:46:00","01:19:46","52:08:00","45:54:00","01:16:45","05:33:54","49:04:00","01:10:39","47:00:00","52:30:00","01:06:58","51:46:00","51:16:00","01:19:30","56:03:00","39:51:00","53:45:00"
"Regular","42","44","Crazies","27:22:00","Submasters","6","Mixed","21","46:27:00","39:41:00","01:16:31","01:00:03","51:50:00","01:23:55","52:48:00","43:46:00","54:07:00","44:19:00","54:25:00","01:22:02","01:05:05","58:18:00","05:04:57","59:29:00","38:06:00","57:27:00","01:03:01","47:50:00","01:23:50","01:05:19","47:52:00","01:00:43"
"Regular","43","136","Vo8Max","27:24:40","Open","9","Male","21","58:08:00","52:39:00","01:00:36","54:19:00","44:07:00","01:12:02","51:19:00","38:48:00","01:18:31","05:56:17","52:34:00","01:06:17","01:04:30","50:22:00","01:09:23","42:57:00","45:11:00","59:16:00","59:15:00","45:10:00","59:12:00","59:16:00","45:10:00","59:12:00"
"Regular","44","159","Cota Mil","27:32:45","Submasters","6","Male","22","50:49:00","41:01:00","01:13:32","59:03:00","41:14:00","01:39:35","59:10:00","04:40:56","01:07:39","49:45:00","51:18:00","01:14:23","44:55:00","01:09:49","01:11:42","01:00:57","51:50:00","59:48:00","01:00:56","51:50:00","59:47:00","01:00:57","51:50:00","59:48:00"
"Regular","45","49","Land Sharks","27:33:49","Masters","6","Male","23","01:01:30","52:17:00","01:02:38","57:33:00","39:53:00","01:19:27","52:58:00","39:59:00","01:18:10","58:22:00","45:50:00","01:20:15","04:47:31","55:00:00","01:34:55","46:36:00","54:15:00","01:11:37","50:07:00","52:57:00","56:44:00","01:04:49","51:44:00","58:31:00"
"Regular","46","198","Crossfitters Gone Running","27:35:46","CrossFit","3","Male","24","50:07:00","38:34:00","01:22:12","55:48:00","45:39:00","56:55:00","50:09:00","50:27:00","05:53:08","46:35:00","59:47:00","01:04:33","01:06:14","46:13:00","01:00:51","45:21:00","01:18:23","52:25:00","45:20:00","01:18:23","52:25:00","45:21:00","01:18:23","52:25:00"
"Regular","47","77","Scrambled Legs And Achin","27:36:26","Open","8","Mixed","22","01:05:21","52:30:00","01:39:13","01:01:10","47:00:00","01:17:46","37:17:00","32:38:00","01:16:07","01:00:09","01:15:30","01:22:28","05:02:58","58:20:00","52:48:00","42:57:00","56:50:00","01:15:48","36:47:00","53:49:00","01:14:39","59:03:00","31:41:00","43:25:00"
"Regular","48","33","New New Bourboneers","27:43:07","Open","10","Male","25","41:34:00","37:22:00","01:10:34","45:41:00","37:50:00","01:02:54","56:59:00","05:14:15","57:01:00","48:05:00","53:50:00","01:01:52","42:49:00","42:15:00","01:03:04","01:11:20","44:27:00","01:33:11","01:11:19","44:27:00","01:33:11","01:11:20","44:24:00","01:33:11"
"Regular","49","35","Cash Me On Da Trail How Bout Dat?","27:54:30","Open","9","Mixed","23","01:04:03","49:21:00","59:45:00","44:02:00","01:01:52","01:15:15","44:43:00","59:00:00","01:27:15","05:04:24","43:33:00","01:01:40","01:11:45","51:40:00","56:50:00","01:14:41","54:06:00","01:11:59","47:37:00","37:28:00","01:24:09","47:36:00","37:28:00","01:24:09"
"Regular","50","46","Tag- You Re It Ii","27:54:30","Open","10","Mixed","24","53:44:00","40:06:00","01:06:28","01:03:05","39:30:00","01:09:17","01:04:00","41:55:00","01:13:44","04:56:10","49:30:00","01:31:41","51:30:00","48:09:00","01:24:27","56:26:00","01:06:34","57:22:00","56:25:00","01:06:34","01:00:22","53:25:00","01:06:34","57:22:00"
"Regular","51","34","Renegade Rubber Duckies","28:02:01","Open","2","Female","2","52:48:00","39:35:00","57:12:00","54:33:00","44:55:00","01:37:17","48:38:00","50:41:00","05:06:32","50:15:00","51:20:00","01:22:15","49:50:00","01:07:19","59:34:00","01:18:45","52:04:00","58:54:00","01:18:44","52:04:00","58:54:00","01:18:45","52:04:00","58:54:00"
"Regular","52","9","M*ergy","28:02:03","Open","11","Mixed","25","50:12:00","45:26:00","01:39:50","52:45:00","45:28:00","01:09:44","56:32:00","52:20:00","01:03:40","53:21:00","01:09:38","01:09:26","04:54:46","55:42:00","01:14:40","50:14:00","45:55:00","01:07:47","01:24:18","48:40:00","01:05:59","56:46:00","46:52:00","01:01:51"
"Regular","53","82","Trails Are Ultra Hard","28:04:22","Masters","7","Male","26","47:52:00","43:21:00","01:27:36","56:35:00","47:54:00","01:08:58","53:43:00","43:28:00","01:19:13","05:07:17","59:31:00","01:20:24","01:04:16","48:57:00","01:09:44","58:10:00","45:58:00","01:11:00","58:09:00","45:58:00","01:11:00","58:10:00","45:58:00","01:11:00"
"Regular","54","231","Start Slow And Ease Up","28:07:17","Open","12","Mixed","26","57:05:00","45:31:00","01:15:48","47:15:00","49:09:00","01:16:27","49:20:00","42:41:00","01:10:16","04:58:27","55:59:00","01:17:08","01:07:41","50:22:00","01:00:33","01:03:38","53:58:00","01:10:13","01:03:37","53:58:00","01:10:13",":38","24:53:58","01:10:13"
"Regular","55","178","Scratch `n Sniff","28:11:17","Masters","2","Mixed","27","01:05:33","45:21:00","01:07:08","49:11:00","46:42:00","01:16:39","52:04:00","01:02:07","01:14:51","57:52:00","05:35:10","01:09:39","58:06:00","53:39:00","59:49:00","48:57:00","45:50:00","54:28:00","01:13:58","45:49:00","01:13:58","54:28:00","45:50:00","01:13:58"
"Regular","56","10","Tartans And Tutu S","28:13:34","Open","13","Mixed","28","52:46:00","52:14:00","01:41:08","01:08:28","38:27:00","58:42:00","01:12:29","01:05:58","01:03:41","01:05:41","01:13:23","01:37:05","05:03:34","01:01:18","01:21:30","55:18:00","46:32:00","01:01:03","01:50:00","01:19:01","44:12:00","01:49:00","01:19:01","44:12:00"
"Regular","57","23","Reef Donkeys","28:16:45","Open","11","Male","27","55:21:00","46:32:00","01:30:05","01:02:27","48:24:00","01:11:02","47:21:00","50:03:00","01:03:39","01:08:14","05:03:05","01:21:51","59:38:00","54:50:00","56:06:00","54:43:00","43:55:00","01:20:42","54:42:00","43:55:00","01:20:42","54:43:00","43:55:00","01:20:42"
"Regular","58","18","Off Constantly","28:16:48","Submasters","7","Male","28","56:17:00","48:28:00","58:12:00","51:33:00","48:03:00","01:00:29","50:31:00","44:56:00","01:16:08","01:01:46","04:46:40","01:18:34","56:12:00","53:51:00","01:02:38","01:02:40","47:08:00","01:30:59","01:02:39","47:08:00","01:30:59","01:02:40","47:08:00","01:30:59"
"Regular","59","155","Santa S Girls","28:20:33","Open","14","Mixed","29","59:08:00","49:50:00","01:09:23","01:01:23","44:15:00","01:16:37","54:03:00","47:53:00","01:16:54","01:04:17","50:28:00","01:15:30","52:52:00","54:31:00","05:11:59","59:46:00","01:01:04","01:19:17","56:47:00","49:10:00","01:03:12","01:03:46","52:02:00","01:06:16"
"Regular","60","191","2 Pood 2 Run","28:24:35","CrossFit","4","Male","29","46:33:00","50:40:00","01:06:33","50:14:00","40:42:00","01:16:57","57:53:00","59:27:00","05:03:54","01:08:55","47:54:00","50:17:00","51:24:00","54:25:00","01:08:17","01:28:52","43:09:00","01:11:26","01:28:51","43:08:00","01:11:26","01:28:52","43:09:00","01:11:26"
"Regular","61","239","Moonshine Runners","28:27:48","Open","15","Mixed","30","54:21:00","33:32:00","01:18:15","01:06:58","32:56:00","01:10:50","50:14:00","43:55:00","01:17:33","05:23:55","01:00:20","58:46:00","42:48:00","47:39:00","59:59:00","01:24:18","55:36:00","01:01:59","01:24:17","55:36:00","01:01:59","01:24:17","55:36:00","01:01:59"
"Regular","62","110","Angrier Birds","28:30:14","Submasters","8","Male","30","47:34:00","37:55:00","01:05:09","51:47:00","45:23:00","01:07:31","44:40:00","48:32:00","01:03:15","57:59:00","47:30:00","01:12:02","06:31:04","01:13:24","01:14:44","54:39:00","42:48:00","59:28:00","59:19:00","48:09:00","01:14:52","59:18:00","48:09:00","01:14:52"
"Regular","63","180","The Other Team","28:31:11","Submasters","9","Male","31","50:48:00","53:48:00","55:17:00","49:33:00","42:42:00","01:34:49","01:08:07","44:41:00","01:15:33","01:14:11","04:43:47","01:20:04","01:10:42","01:19:38","01:21:19","57:11:00","42:48:00","01:24:02","51:14:00","44:01:00","01:05:46","51:13:00","44:01:00","01:05:46"
"Regular","64","47","Art Of The Trail","28:31:35","Masters","1","Female","3","48:09:00","54:31:00","01:08:10","01:09:29","54:31:00","01:06:53","50:16:00","40:10:00","01:03:23","01:09:28","48:43:00","01:35:58","01:07:29","04:53:15","01:10:43","53:17:00","51:25:00","01:38:00","53:41:00","01:01:12","01:18:05","53:41:00","42:36:00","58:17:00"
"Regular","65","98","Nutcrackers","28:34:16","Masters","3","Mixed","31","52:35:00","51:46:00","01:11:02","52:56:00","48:13:00","01:13:49","59:27:00","59:20:00","01:09:59","01:06:44","03:47:49","01:05:25","01:43:37","01:05:40","47:03:00","01:12:40","01:08:28","49:53:00","01:19:08","01:03:12","01:01:30","01:19:07","01:03:12","01:01:30"
"Regular","66","75","Fantastic Runners And Where To Find Them","28:36:04","Open","12","Male","32","01:03:27","50:38:00","01:29:37","53:23:00","31:49:00","01:21:09","01:01:39","34:09:00","01:25:25","58:49:00","01:04:52","01:07:28","41:34:00","05:09:14","01:23:46","44:07:00","01:03:15","01:15:06","01:22:52","42:43:00","50:33:00","01:12:29","53:03:00","54:45:00"
"Regular","67","224","Crossfit Branson","28:37:12","CrossFit","5","Mixed","32","54:56:00","52:47:00","54:28:00","01:01:02","53:40:00","01:10:26","51:40:00","01:00:09","01:08:50","01:01:16","39:41:00","01:19:52","04:53:42","51:37:00","01:16:31","01:13:10","56:45:00","01:16:53","49:00:00","53:52:00","01:22:02","57:39:00","49:06:00","01:27:56"
"Regular","68","162","Chasing Racing And Passing The Wind","28:39:13","Open","13","Male","33","55:13:00","41:26:00","01:41:26","50:42:00","45:56:00","01:11:32","43:08:00","01:07:12","01:09:01","49:55:00","01:03:13","05:27:30","55:50:00","58:20:00","01:05:26","01:17:43","46:58:00","55:57:00","01:22:33","39:25:00","01:10:55","01:03:19","38:57:00","01:17:22"
"Regular","69","117","Apogee 1 - Apogee Team Turbo","28:39:15","CrossFit","5","Male","34","53:07:00","48:41:00","01:18:18","53:09:00","38:43:00","01:11:42","55:15:00","39:33:00","01:22:57","01:07:26","57:51:00","01:18:09","05:08:56","01:09:16","01:15:56","55:17:00","57:56:00","01:12:36","01:09:23","51:46:00","01:00:15","01:08:34","50:07:00","54:10:00"
"Regular","70","51","Dixychix2.0","28:52:15","Open","16","Mixed","33","52:49:00","47:28:00","01:02:49","01:04:05","45:03:00","01:24:08","56:46:00","53:15:00","01:05:54","58:48:00","04:43:45","01:21:00","57:29:00","54:21:00","01:32:39","01:07:32","44:37:00","01:18:38","01:06:59","44:37:00","01:18:38","01:07:32","44:37:00","01:18:38"
"Regular","71","202","Third Leg Is The Hardest","28:54:51","Open","14","Male","35","37:35:00","44:28:00","01:22:54","51:59:00","52:00:00","01:30:46","01:11:30","57:48:00","45:46:00","59:07:00","59:39:00","05:13:26","01:08:12","01:07:34","01:26:33","01:01:00","31:27:00","01:02:49","01:07:24","42:26:00","01:16:07","01:11:04","57:16:00","01:15:48"
"Regular","72","32","Runners With A Drinking Problem","28:55:11","Submasters","7","Mixed","34","01:12:13","57:08:00","01:12:38","53:51:00","38:55:00","01:02:25","50:24:00","53:30:00","01:28:13","56:07:00","53:13:00","05:47:56","01:00:02","43:50:00","01:03:11","01:08:34","58:25:00","01:15:13","58:33:00","45:49:00","01:15:16","58:32:00","45:49:00","01:15:16"
"Regular","73","16","Weekend Warriors","28:56:21","Open","15","Male","36","48:24:00","55:12:00","01:09:10","01:05:18","01:14:17","59:34:00","55:28:00","46:58:00","01:05:09","01:24:43","47:34:00","01:04:17","05:30:01","52:34:00","01:14:03","55:18:00","44:03:00","01:03:13","48:55:00","47:12:00","01:34:21","48:54:00","47:12:00","01:34:21"
"Regular","74","165","B4-50","29:05:34","Open","16","Male","37","48:12:00","34:40:00","01:07:28","01:15:52","35:57:00","01:28:00","55:26:00","59:30:00","01:06:53","42:15:00","46:41:00","01:35:48","05:45:31","01:04:47","01:22:50","01:15:19","45:04:00","48:37:00","49:46:00","01:01:05","50:35:00","01:11:27","47:12:00","01:26:27"
"Regular","75","192","Morning Breath","29:05:57","CrossFit","6","Mixed","35","01:27:40","55:57:00","01:26:05","01:11:34","50:11:00","58:48:00","46:54:00","49:05:00","01:51:58","01:10:55","05:09:20","01:25:38","01:06:48","45:14:00","01:01:53","56:39:00","43:59:00","01:25:19","56:38:00","43:59:00","01:25:19","56:39:00","43:59:00","03:18:00"
"Regular","76","138","It S A Runderful Life","29:08:48","Submasters","8","Mixed","36","58:42:00","55:34:00","01:24:34","58:23:00","46:37:00","01:10:35","53:42:00","44:13:00","01:13:49","01:07:57","01:01:53","05:37:34","58:12:00","56:24:00","01:08:31","50:04:00","49:29:00","01:14:39","01:06:38","55:14:00","01:07:02","01:06:37","55:14:00","01:07:02"
"Regular","77","36","Undertrained And Overconfident","29:08:59","Submasters","9","Mixed","37","50:24:00","44:20:00","01:07:07","01:14:08","51:54:00","01:15:40","54:08:00","50:40:00","01:06:03","54:08:00","48:04:00","01:48:24","01:08:09","05:05:59","01:24:43","01:02:06","53:53:00","01:05:46","57:15:00","56:52:00","01:19:12","59:11:00","41:56:00","01:08:45"
"Regular","78","79","Fast Af","29:11:27","Open","17","Mixed","38","49:45:00","52:33:00","01:03:03","52:24:00","44:02:00","01:22:21","01:12:16","57:57:00","01:02:32","01:03:52","47:54:00","05:11:57","01:04:43","01:00:23","01:23:51","01:12:13","42:19:00","01:15:33","51:20:00","42:14:00","01:12:07","01:09:58","56:46:00","01:39:12"
"Regular","79","112","Lakewood Ranch Hood Rats","29:15:19","Submasters","10","Mixed","39","48:38:00","50:31:00","01:06:42","43:49:00","44:39:00","01:08:03","41:06:00","52:37:00","05:18:54","01:42:38","01:06:49","01:13:57","50:52:00","01:02:53","59:07:00","45:01:00","01:10:15","01:26:03","45:00:00","01:10:15","01:26:03","45:01:00","01:10:15","01:26:03"
"Regular","80","173","Alaregretthistomorrow","29:19:47","Open","17","Male","38","01:08:04","51:16:00","01:06:18","48:24:00","01:15:38","01:06:26","57:40:00","41:44:00","01:28:32","01:04:49","49:29:00","01:06:25","01:36:58","04:55:25","01:13:34","51:45:00","01:08:15","01:18:22","01:03:27","47:34:00","01:04:16","01:03:26","47:34:00","01:04:16"
"Regular","81","135","Nevernudes","29:30:29","Submasters","11","Mixed","40","55:38:00","51:10:00","01:13:13","01:06:47","01:02:30","01:15:48","01:05:16","48:49:00","01:10:52","01:00:37","05:46:04","01:24:32","57:35:00","51:55:00","01:01:51","51:22:00","57:35:00","01:10:18","51:21:00","57:35:00","01:10:18","51:22:00","57:35:00","01:10:17"
"Regular","82","70","Swampbait Eight","29:34:26","Submasters","12","Mixed","41","52:30:00","46:21:00","01:06:38","01:08:31","56:58:00","01:01:59","57:06:00","50:06:00","01:09:31","59:38:00","59:52:00","05:13:17","01:17:37","47:01:00","01:08:58","58:46:00","46:21:00","01:14:39","01:36:07","51:28:00","01:11:39","01:36:06","51:28:00","01:11:39"
"Regular","83","15","Run Like A Bear!","29:39:44","Submasters","1","Female","4","01:05:09","55:57:00","01:38:13","01:13:05","50:05:00","01:05:42","54:16:00","49:48:00","01:19:53","01:08:06","01:03:53","04:59:15","54:29:00","44:06:00","01:14:05","58:58:00","49:06:00","01:23:25","01:08:34","51:13:00","01:15:54","01:08:33","51:54:00","01:15:54"
"Regular","84","132","My Name Is Jack ........","29:42:42","Submasters","10","Male","39","01:08:51","52:34:00","58:24:00","01:16:01","01:02:27","01:04:12","47:44:00","47:58:00","01:28:14","01:01:00","01:03:16","01:47:56","05:20:56","44:59:00","01:12:37","01:06:31","01:00:16","58:59:00","57:25:00","47:03:00","01:45:21","57:24:00","47:03:00","45:21:00"
"Regular","85","61","Endurance House Hunnies","29:44:02","Masters","2","Female","5","58:54:00","49:57:00","01:20:16","01:02:09","53:32:00","01:07:24","53:15:00","53:33:00","01:11:49","01:06:50","59:56:00","05:25:30","01:09:37","55:19:00","01:15:33","01:09:18","52:49:00","01:02:46","01:02:42","55:33:00","01:19:14","01:02:41","55:33:00","01:19:41"
"Regular","86","234","Crossfit Rebels Old & Bold","29:45:51","CrossFit","6","Male","40","47:08:00","50:03:00","01:25:16","48:41:00","44:55:00","01:12:43","48:08:00","56:24:00","59:37:00","01:09:51","01:02:31","01:11:49","05:11:45","01:01:04","01:18:34","01:23:58","40:32:00","01:48:01","01:04:07","53:13:00","01:03:25","01:08:14","39:37:00","01:36:04"
"Regular","87","167","Not Fast Just Furious","29:50:52","Submasters","11","Male","41","01:01:45","34:00:00","01:24:21","48:03:00","51:06:00","01:12:05","57:43:00","41:02:00","01:21:21","04:57:31","01:09:19","01:04:11","01:01:10","01:17:29","01:19:53","01:09:23","58:52:00","01:15:00","01:09:22","58:52:00","01:15:00","01:09:23","58:52:00","01:15:00"
"Regular","88","68","Florida Mountain Goats......Take 2","29:52:23","Submasters","12","Male","42","53:46:00","49:33:00","01:31:12","01:01:55","45:10:00","01:07:07","54:26:00","56:39:00","01:07:25","56:57:00","01:13:44","01:33:20","05:37:47","50:00:00","01:13:54","01:03:29","46:45:00","01:14:08","01:14:14","50:53:00","01:16:42","54:20:00","46:55:00","01:11:52"
"Regular","89","59","Fall Risk","29:52:43","Open","18","Mixed","42","50:07:00","59:47:00","01:11:14","01:28:04","51:50:00","01:10:00","49:49:00","50:31:00","01:01:29","01:17:40","50:51:00","01:37:30","01:06:23","04:59:41","01:11:19","01:10:34","45:07:00","01:13:43","01:02:50","56:38:00","01:26:01","57:41:00","47:10:00","01:16:33"
"Regular","90","115","Aloha Dirty Party Pirates","30:12:14","Open","19","Mixed","43","46:17:00","47:09:00","01:05:35","01:06:37","39:03:00","01:41:55","01:14:38","45:55:00","01:01:07","01:00:37","04:53:12","01:30:13","52:19:00","01:12:05","01:31:37","56:38:00","40:17:00","01:08:39","01:25:12","01:06:38","01:07:16","01:25:11","01:06:38","01:07:16"
"Regular","91","193","Trail Trashier","30:14:50","Submasters","13","Mixed","44","43:25:00","56:53:00","01:13:53","01:07:14","54:48:00","01:14:54","01:00:44","38:26:00","01:02:30","01:05:17","04:49:48","01:28:02","01:05:04","45:03:00","01:43:59","53:24:00","01:11:07","01:23:43","53:23:00","01:11:07","01:23:43","53:24:00","01:11:07","01:23:43"
"Regular","92","197","Hell-If-I-Know","30:19:50","Submasters","2","Female","6","51:43:00","01:00:12","01:12:33","01:02:38","47:30:00","01:27:53","01:05:06","01:22:08","01:09:18","01:16:14","04:53:54","01:09:45","31:53:00","37:26:00","01:05:56","01:13:11","01:32:16","01:01:23","01:32:15","01:01:23","55:43:00","01:32:16","01:01:23","55:43:00"
"Regular","93","93","Shiggy Hares","30:21:54","Open","20","Mixed","45","01:05:50","01:02:33","01:09:09","01:08:35","01:03:49","01:32:50","01:07:40","43:07:00","01:06:22","01:25:11","04:49:28","03:49:09","42:19:00","01:14:13","54:05:00","01:10:20","58:36:00","08:12:00","01:10:19","58:36:00","08:12:00","01:10:20","58:36:00","08:11:00"
"Regular","94","199","Crossfit Nika","30:22:05","CrossFit","7","Mixed","46","55:19:00","47:48:00","01:19:31","50:50:00","44:33:00","01:11:56","58:57:00","40:04:00","01:07:55","01:02:48","54:50:00","01:17:01","05:22:20","01:20:07","01:36:45","50:47:00","01:19:04","01:21:32","48:31:00","01:13:26","01:00:45","01:35:06","48:31:00","01:13:26"
"Regular","95","236","Muddy Muckers","30:23:29","Masters","4","Mixed","47","55:45:00","43:18:00","01:17:39","01:09:41","53:17:00","01:28:02","01:02:01","58:03:00","01:07:08","50:20:00","01:00:55","01:38:41","05:04:20","01:15:24","56:53:00","01:06:55","46:20:00","01:10:10","59:23:00","57:27:00","01:21:43","01:06:35","01:14:15","01:19:05"
"Regular","96","145","Tropic Thunder","30:24:24","Masters","5","Mixed","48","59:35:00","44:57:00","01:34:27","01:13:00","38:20:00","01:07:50","50:39:00","42:57:00","01:21:35","58:31:00","52:09:00","01:34:56","04:47:01","48:59:00","01:14:07","54:55:00","58:59:00","01:27:55","01:47:34","01:15:07","01:10:29","54:34:00","01:15:01","01:10:34"
"Regular","97","48","Run Good","30:30:14","Open","21","Mixed","49","01:01:50","51:00:00","01:21:19","59:57:00","54:36:00","01:05:06","55:32:00","52:18:00","01:21:29","05:12:46","56:01:00","01:22:17","01:05:17","57:59:00","01:11:36","01:09:05","52:48:00","01:25:08","01:09:04","52:48:00","01:25:08","01:09:05","52:48:00","01:25:08"
"Regular","98","8","Leaders In Debauchery","30:30:44","Open","22","Mixed","50","01:04:53","01:21:48","57:05:00","01:09:40","56:43:00","01:32:12","51:58:00","50:58:00","01:19:56","01:32:40","01:01:05","05:04:19","01:16:30","58:58:00","01:03:33","56:41:00","56:06:00","57:52:00","01:13:29","46:46:00","01:18:33","01:13:28","46:46:00","01:18:32"
"Regular","99","181","Whaaam Baaam Thank You Maaam!","30:41:52","Open","18","Male","43","55:57:00","56:58:00","01:14:47","53:38:00","53:21:00","01:40:24","01:33:49","39:25:00","01:04:06","01:13:26","54:51:00","01:09:39","01:01:00","05:16:56","01:59:23","45:11:00","59:14:00","01:10:17","01:00:45","44:27:00","01:02:57","01:16:07","01:21:03","54:02:00"
"Regular","100","228","Spirit Of Life","30:46:05","Submasters","14","Mixed","51","01:00:31","56:28:00","01:44:14","47:31:00","42:41:00","01:33:27","53:14:00","47:39:00","01:15:49","01:09:25","01:07:05","01:02:34","01:10:42","05:10:21","01:15:30","58:02:00","52:45:00","01:24:47","01:24:21","53:37:00","01:15:22","01:27:04","50:54:00","01:01:49"
"Regular","101","147","Warlords","31:01:06","Open","23","Mixed","52","01:23:01","01:07:14","01:11:14","50:45:00","54:02:00","55:20:00","01:09:35","49:07:00","01:38:49","01:17:06","54:37:00","05:20:19","01:15:03","40:59:00","01:37:18","55:58:00","01:12:48","01:28:31","51:59:00","59:47:00","01:17:49","51:58:00","59:47:00","01:17:49"
"Regular","102","128","Netflix And Trail","31:06:02","Submasters","15","Mixed","53","56:26:00","35:41:00","01:38:52","01:08:17","46:34:00","01:23:44","01:00:00","45:42:00","01:18:21","04:42:07","01:22:53","01:28:14","51:53:00","57:54:00","01:10:55","01:31:44","01:03:39","01:04:04","01:31:43","01:03:39","01:04:04","01:31:44","01:03:39","01:04:04"
"Regular","103","149","Ragnar Misfits","31:07:36","Submasters","16","Mixed","54","01:07:36","48:55:00","01:13:07","01:05:29","51:12:00","01:23:46","59:32:00","42:00:00","01:17:59","01:21:55","04:56:11","01:26:51","01:04:52","01:04:04","01:13:24","01:13:04","56:23:00","01:20:44","01:13:03","56:23:00","01:20:44","01:13:04","56:23:00","01:20:44"
"Regular","104","221","Ubif","31:22:56","Open","24","Mixed","55","01:08:43","50:10:00","01:23:02","53:34:00","46:48:00","35:59:00","55:09:00","53:17:00","01:42:40","01:13:47","01:00:10","01:04:39","01:02:26","05:36:21","01:54:18","01:32:47","02:04:06","01:27:49","48:49:00","01:03:43","46:00:00","48:48:00","01:03:43","46:00:00"
"Regular","105","235","Houseful Of Rebels","31:32:10","CrossFit","8","Mixed","56","01:13:42","53:28:00","01:16:24","01:16:30","48:23:00","01:25:04","52:37:00","47:08:00","01:33:24","01:06:57","55:10:00","05:36:27","58:54:00","01:04:02","01:22:11","50:24:00","01:03:48","01:23:28","01:14:47","01:09:37","01:07:32","01:14:46","01:09:37","01:07:41"
"Regular","106","169","Wharton Wildcats Njrotc","31:35:11","High School","2","Mixed","57","55:33:00","38:39:00","01:08:29","01:11:11","01:08:19","01:34:24","01:02:52","04:49:44","01:18:10","55:20:00","01:00:52","01:50:31","01:16:25","36:17:00","01:17:47","57:33:00","01:00:29","01:38:48","57:32:00","01:00:29","01:38:48","57:33:00","01:00:29","01:38:48"
"Regular","107","114","Chafing The Dream","31:37:45","Open","25","Mixed","58","01:10:23","01:00:11","01:27:40","01:09:19","01:03:52","01:18:09","50:54:00","41:31:00","01:31:49","01:12:26","58:55:00","05:34:08","01:29:54","01:20:39","01:09:55","47:30:00","01:13:18","01:27:18","01:18:12","47:25:00","59:14:00","01:18:11","47:25:00","59:14:00"
"Regular","108","185","Dedicated Endeavors","31:43:11","Corporate/Public Service","3","Mixed","59","01:03:53","53:25:00","01:25:53","01:15:39","01:08:46","01:17:36","56:24:00","59:11:00","01:15:25","01:10:55","56:47:00","01:12:39","05:20:39","01:08:10","01:24:24","01:16:00","54:12:00","01:21:30","01:04:27","52:19:00","01:18:20","01:07:44","55:00:00","01:23:40"
"Regular","109","208","Crossfit Unleashed","31:56:49","CrossFit","9","Mixed","60","01:04:51","49:54:00","01:20:00","01:02:02","47:58:00","01:14:48","53:37:00","48:33:00","01:16:54","01:02:30","01:05:54","06:09:30","01:07:26","54:51:00","01:10:04","01:29:47","54:47:00","01:32:02","01:29:46","54:47:00","01:32:01","01:29:47","54:47:00","01:32:02"
"Regular","110","105","Captain Crunch And The Cereal Killers","31:59:33","Submasters","17","Mixed","61","01:16:06","01:01:39","01:19:07","48:17:00","49:57:00","01:21:46","58:27:00","01:02:05","01:45:08","01:17:22","56:42:00","05:02:59","01:29:43","59:15:00","01:21:24","01:28:06","01:02:28","01:39:02","01:08:54","51:17:00","01:09:44","01:08:53","51:17:00","01:09:44"
"Regular","111","232","Eye Of The Tiger","31:59:59","Open","26","Mixed","62","01:07:14","43:57:00","01:12:04","56:29:00","54:59:00","01:12:27","01:35:52","01:27:40","53:15:00","05:43:42","01:31:19","01:05:32","48:16:00","01:09:42","01:06:16","01:08:06","01:22:48","59:28:00","01:08:05","01:22:48","59:28:00","01:08:06","01:22:48","59:28:00"
"Regular","112","240","Fitniche Forrest Runners","32:02:25","Open","27","Mixed","63","58:08:00","46:42:00","01:09:31","57:17:00","59:14:00","56:41:00","01:19:30","38:55:00","01:19:09","55:24:00","48:20:00","05:58:28","01:32:53","44:27:00","01:40:13","56:59:00","01:15:30","01:33:19","56:58:00","01:15:30","01:33:19","56:59:00","01:15:30","01:33:19"
"Regular","113","12","Speedy Dozen","32:03:19","Open","28","Mixed","64","01:04:08","54:03:00","01:16:45","01:08:02","54:23:00","01:25:36","01:02:57","48:52:00","01:22:37","01:06:17","05:03:52","01:30:48","01:06:44","54:29:00","01:23:27","01:20:32","59:45:00","01:19:46","01:20:31","59:45:00","01:19:46","01:20:32","59:45:00","01:19:46"
"Regular","114","237","Enfuego Crossfit Dos","32:07:32","CrossFit","10","Mixed","65","01:08:34","01:10:46","01:08:18","01:00:20","55:26:00","01:26:00","01:15:09","50:31:00","01:31:42","01:31:17","04:55:52","01:25:08","01:13:05","01:01:55","01:35:58","58:20:00","01:04:18","01:16:30","58:19:00","01:04:18","01:16:30","58:20:00","01:04:18","01:16:30"
"Regular","115","182","American Legend 2.0","32:10:49","Open","19","Male","44","48:08:00","40:59:00","01:26:34","54:23:00","01:00:42","01:01:55","55:09:00","46:29:00","01:03:50","01:18:38","08:21:22","01:11:59","51:18:00","44:19:00","01:09:32","01:14:30","51:23:00","01:12:35","01:14:29","51:23:00","01:12:35","01:14:30","51:23:00","01:12:35"
"Regular","116","121","Runners Gone Wild","32:22:52","Submasters","18","Mixed","66","01:00:54","55:07:00","01:38:52","57:01:00","01:12:29","01:54:57","56:58:00","36:06:00","01:24:31","01:08:11","51:17:00","59:40:00","05:50:03","01:11:52","02:09:46","47:13:00","56:29:00","01:21:34","01:20:21","46:48:00","01:07:43","01:20:20","46:48:00","01:07:43"
"Regular","117","41","Camp Wannadrinkwine","32:27:37","Submasters","3","Female","7","01:21:45","54:55:00","01:42:32","01:14:37","54:53:00","01:17:38","01:23:23","50:59:00","01:38:44","01:05:24","01:06:19","06:23:47","01:10:30","01:00:07","01:34:47","56:42:00","49:25:00","01:09:36","56:41:00","49:25:00","01:09:36","56:42:00","49:25:00","01:09:36"
"Regular","118","92","Alafeelthistomorrow","32:35:56","Open","29","Mixed","67","01:16:38","55:32:00","01:04:35","01:21:03","54:13:00","01:04:15","01:15:34","49:21:00","01:43:34","01:07:38","04:51:06","01:47:00","01:08:36","47:52:00","01:33:21","55:05:00","01:06:29","01:36:56","55:04:00","01:06:29","01:36:56","55:05:00","01:06:29","01:36:56"
"Regular","119","146","Racks And Sacks","32:39:37","Open","30","Mixed","68","01:10:05","01:01:33","01:30:00","01:04:12","01:01:42","01:37:01","50:39:00","49:17:00","01:30:50","01:19:38","01:03:15","01:26:54","05:18:40","01:19:20","01:06:33","59:05:00","57:48:00","01:08:54","01:15:34","51:19:00","01:35:08","01:15:33","51:19:00","01:35:08"
"Regular","120","150","Racks And Sacks Ii","32:40:19","Open","31","Mixed","69","01:06:00","01:06:04","01:29:34","01:04:13","01:01:35","01:37:06","50:40:00","49:18:00","01:30:44","01:18:58","01:04:02","01:26:52","05:18:41","01:19:20","01:06:33","59:03:00","57:49:00","01:08:12","01:16:16","51:25:00","01:35:02","01:16:15","51:25:00","01:35:02"
"Regular","121","134","Where S The Finish Wine?","32:44:55","Submasters","19","Mixed","70","57:59:00","01:00:54","01:27:34","01:10:08","01:14:40","01:15:16","01:09:52","50:44:00","01:10:51","01:15:16","58:35:00","01:25:25","05:27:30","50:06:00","01:07:41","01:09:31","45:58:00","01:28:04","01:06:50","01:05:26","01:47:04","01:06:49","01:05:26","01:47:04"
"Regular","122","174","Master Gators","32:48:58","Open","32","Mixed","71","01:00:29","47:05:00","01:36:36","01:04:21","01:00:46","01:19:51","01:02:33","45:52:00","01:20:21","01:02:29","01:07:39","01:22:50","05:46:00","01:00:00","01:34:00","52:18:00","49:24:00","01:22:21","01:20:53","54:10:00","01:41:53","01:20:52","54:10:00","01:41:53"
"Regular","123","78","We Be Trippin","32:51:03","Open","33","Mixed","72","49:10:00","01:07:52","01:26:59","01:09:42","49:11:00","01:26:45","01:01:18","01:11:08","01:05:21","01:24:01","01:01:41","01:21:11","05:08:35","01:30:53","01:22:35","01:22:00","44:33:00","01:21:09","01:07:20","01:18:42","01:17:22","01:07:19","01:18:42","01:17:22"
"Regular","124","72","The City Beer-Tiful","32:56:33","Open","34","Mixed","73","35:21:00","59:34:00","01:35:09","01:09:52","47:00:00","01:13:14","01:03:00","38:54:00","01:25:15","01:10:46","01:03:28","05:32:36","56:28:00","59:13:00","01:17:45","01:49:18","01:02:14","01:18:05","01:49:17","01:02:14","01:18:05","01:49:18","01:02:14","01:18:05"
"Regular","125","203","Hit The Trale Jack","33:01:23","Open","35","Mixed","74","01:31:49","54:36:00","01:06:30","49:07:00","01:07:11","01:50:22","01:08:48","54:53:00","02:01:39","05:14:04","49:59:00","01:26:49","01:43:20","01:08:47","01:22:32","59:37:00","01:00:41","01:16:38","59:36:00","01:00:41","01:16:38","59:37:00","01:00:41","01:16:38"
"Regular","126","97","Painted Trail Mafia","33:07:29","Submasters","20","Mixed","75","01:04:29","44:04:00","01:40:52","01:22:55","43:59:00","01:15:39","49:56:00","01:12:14","01:20:23","55:29:00","01:05:22","01:44:04","04:52:35","01:06:04","01:06:57","01:24:44","56:17:00","01:10:59","01:21:14","01:05:51","01:48:04","01:21:13","01:05:51","01:48:04"
"Regular","127","62","Endurance House Little Hunnies","33:27:21","Submasters","4","Female","8","01:08:29","53:55:00","01:31:30","01:17:53","01:12:59","01:18:53","01:07:58","59:50:00","01:25:03","01:07:27","01:03:26","05:46:28","01:07:17","56:26:00","01:34:07","01:16:01","55:54:00","01:27:03","01:08:49","01:04:31","01:24:57","01:08:48","01:04:31","01:24:57"
"Regular","128","194","The Goonies","33:29:07","Open","36","Mixed","76","01:28:05","54:32:00","01:30:54","51:41:00","53:12:00","01:09:08","50:33:00","59:55:00","01:57:18","05:24:12","01:10:41","01:09:46","01:06:40","44:15:00","01:03:10","01:13:26","01:10:59","01:40:34","01:13:25","01:10:59","01:40:34","01:13:26","01:10:59","01:40:34"
"Regular","129","69","Inglourious Blistereds","33:30:20","Open","37","Mixed","77","01:05:22","41:41:00","01:28:23","01:34:12","49:36:00","01:14:11","01:03:08","50:16:00","01:49:40","50:44:00","01:01:39","02:05:28","05:03:45","01:00:41","01:34:05","01:08:49","01:03:42","58:28:00","01:07:28","01:15:18","01:40:24","01:07:27","01:15:18","01:40:24"
"Regular","130","19","Sisters With Sole","33:50:27","Submasters","5","Female","9","01:00:18","01:02:17","01:28:37","01:22:49","01:21:06","01:50:06","52:11:00","01:23:38","01:26:05","01:14:18","04:57:32","01:00:54","01:40:30","01:10:05","01:31:55","01:04:00","01:12:57","01:12:21","01:03:59","01:12:57","01:12:21","01:04:00","01:12:57","01:12:21"
"Regular","131","31","Carb Load Crew","34:13:36","Open","38","Mixed","78","01:18:54","01:00:06","01:43:05","01:00:10","51:41:00","01:23:15","01:02:36","57:52:00","01:36:03","06:13:00","52:48:00","01:30:19","01:12:27","01:05:22","57:21:00","01:25:59","01:07:58","01:15:33","01:25:58","01:07:58","01:15:33","01:25:59","01:07:58","01:15:33"
"Regular","132","116","Ragnar Runs On Dunkin -Gator Edition-","34:16:34","Submasters","21","Mixed","79","01:16:39","57:27:00","02:09:53","01:01:45","57:39:00","01:18:52","01:09:16","47:53:00","01:38:20","01:09:21","01:25:45","05:19:29","01:18:08","58:40:00","01:26:20","58:14:00","01:07:57","01:17:21","01:32:00","55:09:00","01:31:33","01:31:59","55:09:00","01:31:33"
"Regular","133","195","Snooze Cruze & Booze","34:38:24","Open","39","Mixed","80","55:13:00","48:44:00","01:28:32","01:29:43","54:01:00","01:03:55","44:53:00","47:27:00","01:07:25","01:00:38","59:01:00","10:54:43","01:04:40","49:14:00","01:12:27","01:13:34","51:53:00","01:21:07","01:13:33","51:53:00","01:21:06","11:33:00","51:53:00","01:21:07"
"Regular","134","220","Camden Cross Trainers","34:42:38","Open","20","Male","45","59:24:00","45:06:00","01:29:49","01:26:48","01:00:44","01:21:12","56:12:00","44:42:00","01:04:26","01:24:40","01:04:39","07:51:03","01:35:02","46:16:00","01:18:56","01:08:57","01:01:29","01:27:24","01:08:56","01:01:28","01:27:24","01:08:57","01:01:29","01:27:24"
"Regular","135","11","One Time At Run Camp","34:49:56","Submasters","6","Female","10","01:11:22","01:00:36","01:04:19","01:17:50","56:51:00","01:15:07","54:38:00","57:47:00","01:30:42","01:12:58","47:45:00","05:57:33","01:08:24","54:06:00","01:36:28","01:31:21","01:08:41","01:41:05","01:31:20","01:08:41","01:41:05","01:31:21","01:08:41","01:41:05"
"Regular","136","30","Wasting Away In Ragnaritaville","34:59:21","Open","3","Female","11","01:22:00","54:45:00","01:42:22","01:15:06","54:22:00","01:17:45","01:23:58","50:54:00","01:38:21","01:05:19","01:06:21","06:24:39","01:09:39","01:00:05","01:59:57","01:04:20","01:08:36","01:24:57","01:04:20","01:08:35","01:24:57","01:04:20","01:08:36","01:24:57"
"Regular","137","6","Trail Er Trash: Deluxe Edition","35:09:19","Masters","3","Female","12","59:20:00","01:09:19","01:45:22","01:25:42","56:20:00","01:20:53","01:14:55","01:11:54","01:16:31","01:22:11","01:10:38","05:58:35","01:12:22","01:02:02","01:33:37","01:04:28","51:24:00","01:53:58","01:04:27","51:24:00","01:53:58","01:04:28","51:24:00","01:53:58"
"Regular","138","7","Trail Er Trash: Deelux Edition Ii","35:09:32","Submasters","22","Mixed","81","59:24:00","01:09:16","01:45:27","01:25:40","56:21:00","01:20:47","01:14:54","01:11:59","01:16:23","01:22:16","01:10:36","05:58:34","01:12:18","01:02:10","01:33:36","01:04:29","51:25:00","01:54:00","01:04:28","51:25:00","01:54:00","01:04:29","51:25:00","01:54:00"
"Regular","139","101","Trail Er Trash 3.0","35:09:58","Open","21","Male","46","59:22:00","01:09:17","01:45:28","01:25:37","56:30:00","01:20:41","01:14:58","01:11:52","01:16:31","01:22:12","01:10:35","05:58:44","01:12:14","01:02:01","01:33:40","01:04:28","51:28:00","01:54:07","01:04:27","51:28:00","01:54:07","01:04:28","51:28:00","01:54:07"
"Regular","140","28","Bad Ass Lady Gang","35:14:19","Open","4","Female","13","01:21:48","54:57:00","01:42:23","01:14:40","54:53:00","01:17:35","01:24:03","50:41:00","01:38:29","01:05:23","01:06:25","06:24:21","01:09:46","01:00:10","01:59:51","55:59:00","01:11:26","01:19:36","01:11:55","01:19:36","01:19:36","01:11:26","01:19:36","01:19:36"
"Regular","141","168","Won T You Be My Pacer?","35:14:57","Open","40","Mixed","82","01:27:47","52:44:00","01:37:42","01:18:30","56:52:00","01:17:30","01:06:38","54:30:00","02:04:13","01:17:31","05:49:16","02:12:29","01:15:24","58:04:00","01:26:25","01:20:57","01:17:43","54:25:00","01:20:56","01:17:43","54:25:00","01:20:57","01:17:43","54:25:00"
"Regular","142","212","Stroller Warriors Florida","35:20:26","Submasters","7","Female","14","01:06:06","01:11:18","01:14:48","01:09:33","48:31:00","01:13:22","01:31:20","51:39:00","01:20:38","01:28:51","54:09:00","06:20:04","01:06:39","01:01:38","02:11:30","01:01:03","01:22:56","01:32:45","01:01:02","01:22:56","01:32:45","01:01:03","01:22:56","01:32:45"
"Regular","143","122","Trail-Er Things","35:25:30","Submasters","23","Mixed","83","01:09:14","47:21:00","01:59:23","01:12:35","54:02:00","01:17:18","01:10:21","59:21:00","01:26:35","01:10:29","05:45:46","01:46:28","01:07:45","56:25:00","01:22:52","01:24:40","01:09:02","01:32:47","01:24:39","01:09:02","01:32:47","01:24:40","01:09:02","01:32:47"
"Regular","144","73","Sloth Squad","35:41:48","Open","41","Mixed","84","01:29:52","01:01:59","01:07:54","57:00:00","47:52:00","59:46:00","01:26:18","01:06:09","01:53:08","01:11:20","05:13:41","01:10:46","56:22:00","44:45:00","02:00:21","01:18:39","01:17:48","01:55:02","01:18:38","01:17:48","01:55:02","01:18:39","01:17:48","01:55:02"
"Regular","145","76","J.K. Rick-Rowling","35:51:42","Open","22","Male","47","01:12:58","59:46:00","01:27:53","01:18:20","01:02:53","01:26:07","53:46:00","01:03:45","01:59:21","01:15:25","06:27:53","01:50:42","01:20:52","01:03:17","01:00:00","01:19:14","01:01:58","01:28:20","01:19:13","01:01:58","01:28:20","01:19:14","01:01:58","01:28:20"
"Regular","146","20","Half Fast Friends","35:53:32","Masters","6","Mixed","85","01:14:50","01:06:04","01:34:35","01:26:03","50:04:00","01:15:47","01:25:13","45:00:00","01:37:33","01:15:01","01:12:01","05:33:01","01:01:25","01:11:21","01:47:36","01:22:15","01:19:21","01:31:01","01:22:14","01:19:21","01:31:01","01:22:15","01:19:21","01:31:01"
"Regular","147","29","We Do It For The Sparkle!","36:03:13","Open","5","Female","15","55:03:00","54:39:00","01:42:28","01:14:33","55:03:00","01:17:30","01:23:29","51:14:00","01:39:34","01:04:22","01:06:19","06:24:16","01:09:55","01:00:12","01:34:42","01:21:04","01:15:58","01:39:23","01:21:03","01:15:58","01:39:53","01:21:04","01:15:58","01:39:23"
"Regular","148","131","Beer Battered Chickens","36:05:44","Open","42","Mixed","86","01:02:06","50:05:00","01:31:13","01:12:46","01:00:22","01:28:17","01:00:55","01:06:39","01:18:30","01:05:21","01:05:17","05:28:48","01:21:35","01:06:48","01:20:09","01:40:29","01:02:47","01:58:59","01:40:28","01:02:47","01:58:59","01:40:29","01:02:47","01:58:59"
"Regular","149","45","Running Village Idiots","36:48:05","Open","43","Mixed","87","01:11:53","01:16:35","01:41:04","52:23:00","59:50:00","01:31:59","01:01:28","58:23:00","01:29:15","01:28:58","01:04:49","05:07:38","01:15:39","01:08:28","01:27:19","01:33:46","01:01:37","02:08:42","01:33:45","01:01:37","02:08:42","01:33:46","01:01:37","02:08:42"
"Regular","150","207","Team Fca-2","36:48:55","Open","23","Male","48","01:07:17","01:03:08","01:41:43","50:52:00","58:01:00","01:45:34","56:35:00","47:14:00","01:39:57","01:20:15","01:13:14","05:17:54","02:37:45","01:17:51","01:08:56","01:32:24","01:03:49","01:44:37","01:32:23","01:03:49","01:44:37","01:32:24","01:03:49","01:44:37"
"Regular","151","99","We Have Issues","36:52:01","Open","44","Mixed","88","57:50:00","01:03:37","01:35:00","01:08:08","01:11:00","01:29:02","01:19:20","01:05:37","01:19:33","01:15:03","01:03:48","05:28:31","01:25:40","01:10:08","02:37:59","01:19:06","01:06:57","01:47:49","01:19:05","01:06:57","01:47:49","01:19:06","01:06:57","01:47:49"
"Regular","152","161","Team Chemo-Kazes 1","36:55:52","Submasters","24","Mixed","89","01:40:46","48:10:00","01:49:53","01:25:00","01:07:40","01:16:12","01:06:31","53:01:00","02:05:39","01:02:35","06:17:17","01:52:10","01:25:08","52:03:00","01:22:54","01:09:35","01:11:17","01:36:03","01:09:34","01:11:17","01:36:03","01:09:35","01:11:17","01:36:03"
"Regular","153","190","Crossfit En Fuego","36:56:30","CrossFit","1","Female","16","01:13:26","01:08:44","01:29:54","01:06:43","51:49:00","01:25:01","01:06:16","52:33:00","01:33:34","01:27:56","05:06:02","01:43:15","01:23:00","01:00:56","01:44:06","01:21:20","01:23:34","01:50:25","01:21:39","01:23:33","01:50:25","01:21:20","01:23:24","01:47:25"
"Regular","154","67","Trail-Remix","37:32:19","Open","45","Mixed","90","01:03:27","01:06:27","01:17:09","01:09:48","01:24:53","01:45:11","01:07:21","01:12:35","01:23:18","01:14:45","53:56:00","05:41:55","02:00:35","01:13:41","01:29:48","01:22:17","01:00:27","02:06:23","01:22:16","01:00:27","02:06:23","01:22:17","01:00:27","02:06:23"
"Regular","155","58","Trail Mix","37:32:29","Open","46","Mixed","91","01:03:30","44:57:00","01:38:32","01:09:50","01:24:54","01:45:12","01:07:20","01:12:40","01:23:18","55:57:00","01:12:40","05:41:58","02:00:29","01:13:44","01:29:54","01:22:04","01:00:47","02:06:18","01:22:03","01:00:47","02:06:18","01:22:04","01:00:47","02:06:17"
"Regular","156","37","Poke Me In The Coconut","37:52:37","Open","47","Mixed","92","01:15:30","01:06:18","01:52:30","01:12:19","57:29:00","01:34:46","01:10:11","01:13:27","01:50:44","01:17:05","05:31:52","01:49:35","01:05:59","01:03:37","01:27:42","01:24:11","01:04:29","02:03:35","01:24:10","01:04:29","01:56:55","01:24:11","01:04:29","01:56:55"
"Regular","157","39","Trailblaster Masters","38:04:12","Open","48","Mixed","93","01:24:16","01:08:29","01:06:14","01:10:45","01:04:01","01:57:25","01:31:12","01:02:32","01:38:36","01:25:30","05:40:13","01:49:46","01:16:54","01:18:45","01:59:57","01:42:40","57:59:00","01:29:11","01:42:39","57:59:00","01:29:11","01:42:40","57:59:00","01:29:11"
"Regular","158","163","Team Chemo Kazes 2","38:10:05","Open","49","Mixed","94","53:21:00","01:19:18","01:51:45","01:17:37","01:01:59","01:39:01","01:00:23","48:15:00","01:12:46","01:42:15","01:16:23","05:55:34","01:26:23","01:13:42","01:17:16","01:03:52","01:09:38","02:31:10","01:03:51","01:09:38","02:31:10","01:03:52","01:09:38","02:31:10"
"Regular","159","43","Rudolph S Misfits","38:58:38","Open","50","Mixed","95","01:16:16","01:00:26","02:01:06","01:23:08","01:05:16","01:33:47","53:00:00","01:00:34","01:39:10","01:19:56","01:23:35","05:47:27","01:32:04","01:07:01","01:13:20","01:30:53","01:17:21","02:05:54","01:30:52","01:17:21","02:05:54","01:30:53","01:17:21","02:05:54"
"Regular","160","126","Santa S Sleigh Belles","39:21:55","Open","51","Mixed","96","01:03:22","01:04:34","01:38:44","01:15:17","01:02:58","01:14:46","54:48:00","01:09:06","01:17:33","01:21:01","01:09:31","06:35:03","01:21:13","54:27:00","02:09:05","01:33:47","01:28:32","02:01:07","01:33:46","01:28:32","02:01:07","01:33:47","01:28:32","02:01:07"
"Regular","161","241","Bamr Trailblazers","39:54:01","Submasters","8","Female","17","01:09:06","01:00:33","02:11:12","01:03:11","01:13:25","01:25:38","01:00:47","01:00:34","01:29:41","01:10:19","43:26:00","06:46:02","01:57:14","01:00:53","01:22:31","01:56:17","01:09:51","02:00:18","01:56:16","01:09:51","02:00:18","01:56:17","01:09:51","02:00:18"
"Regular",,"2","We Re On Your Trail","Finished- Skipped Loops","Submasters",,"Mixed",,"42:47:00","48:04:00","01:22:39","01:07:49","01:08:41","01:30:17","01:12:00","54:37:00","01:00:28","28:56:00","31:44:00","54:54:00","01:25:46","05:33:56","01:25:25","01:37:02","01:12:31","34:04:00","01:17:19","01:28:37","01:20:00","02:04:45",,
"Regular",,"3","Ivanhoods","Finished- Skipped Loops","Open",,"Male",,"59:23:00","48:29:00","01:11:54","49:55:00","47:57:00","01:03:23","58:49:00","38:37:00","01:23:58","01:01:31","05:11:25","01:11:27","03:37:20",":06","01:21:08","42:45:00","56:26:00",,,,,,,
"Regular",,"13","Ssfs","Finished- Skipped Loops","Open",,"Mixed",,"49:18:00","50:42:00","52:30:00","56:17:00","36:38:00","01:01:51","04:52:04","42:41:00","55:11:00","47:41:00","48:54:00","01:12:02","48:16:00","45:46:00","01:11:51","55:36:00","49:49:00","01:02:37",,,,,,
"Regular",,"17","Mike S Angry Birds","DNF","Open",,"Mixed",,"53:58:00","53:08:00","01:25:17","01:00:18","01:09:13","01:07:49","43:50:00","53:47:00","01:13:37","01:01:00","01:07:06","01:14:39","01:41:16","11:27:29","47:34:00","01:14:47",,,,,,,,
"Regular",,"21","Team Super 8","Finished- Skipped Loops","Open",,"Mixed",,"01:09:51","41:02:00","01:49:17","58:26:00","01:10:44","01:35:17","01:15:22","52:10:00","01:30:42","49:49:00","01:11:53","05:53:42","01:37:08","01:12:01","01:36:58","01:01:49",,,,,,,,
"Regular",,"26","Smo Res","Finished- Skipped Loops","Open",,"Female",,"01:00:29","01:02:48","01:43:27","52:53:00","58:41:00","01:26:28","52:50:00","01:07:39","01:22:17","05:14:49","01:09:41","01:37:27","58:44:00","01:02:08","01:05:36",,,,,,,,,
"Regular",,"27","Sasquatch Nation","DNF","Masters",,"Mixed",,"56:11:00","45:41:00","01:07:35","48:41:00","51:05:00","01:08:39","55:43:00","53:06:00","01:06:43","56:12:00","48:55:00","01:03:43","01:01:23","06:19:38",,,,,,,,,,
"Regular",,"50","Wolf Pack","Finished- Skipped Loops","Masters",,"Male",,"01:16:24","55:58:00","01:44:52","01:06:04","01:20:52","01:23:53","01:09:53","59:32:00","01:09:50","01:11:41","01:25:22",,,,,,,,,,,,,
"Regular",,"52","Minute Male All In","Finished- Skipped Loops","Open",,"Mixed",,"58:28:00","01:04:06","01:15:07","01:27:43","50:08:00","01:19:06","01:18:56","46:26:00","01:25:09","01:46:03","06:13:40","02:15:09","01:13:51","57:51:00","02:08:57","54:19:00","01:24:00","51:40:00","01:58:25",,,,,
"Regular",,"55","Electric Boogaloo","Finished- Skipped Loops","Submasters",,"Male",,"41:34:00","54:31:00","01:20:09","59:35:00","51:38:00","01:28:54","58:54:00","41:31:00","52:16:00","05:11:45","01:05:33","01:17:07","01:06:59","01:03:40","01:11:02","54:30:00","39:15:00","01:20:58","01:10:25",,,,,
"Regular",,"56","Woman Up","Finished- Skipped Loops","Open",,"Female",,"01:09:19","01:01:31","01:33:37","01:19:02","01:05:51","01:18:51","58:51:00","58:46:00","01:33:52","01:23:21","01:08:09","06:26:25","01:29:42","01:01:49","01:11:47","01:28:47","02:49:24",,,,,,,
"Regular",,"57","Who The Wild Things Run From","Finished- Skipped Loops","Submasters",,"Mixed",,"50:53:00","45:58:00","01:08:38","56:14:00","57:03:00","01:18:07","01:06:18","51:11:00","01:05:36","11:02:10",,,,,,,,,,,,,,
"Regular",,"74","Where The Wild Things Run","Finished- Skipped Loops","Open",,"Mixed",,"50:46:00","38:35:00","01:14:34","57:46:00","01:00:06","01:24:19","01:10:19","46:17:00","01:03:47","08:53:55","01:50:15",,,,,,,,,,,,,
"Regular",,"84","Minute Male All In 2","Finished- Skipped Loops","Corporate/Public Service",,"Mixed",,"58:25:00","01:03:41","01:15:34","01:27:43","50:08:00","01:19:03","53:49:00","01:04:19","01:32:26","01:45:52","06:13:50","02:15:07","01:03:31","01:08:11","01:04:46","01:10:51","02:11:46","01:32:13","01:17:43",,,,,
"Regular",,"85","Boomshakalaka 14.0","Finished- Skipped Loops","Open",,"Mixed",,"01:07:31","44:40:00","01:20:13","01:04:07","47:47:00","01:16:32","01:57:26","53:18:00","01:28:29","01:02:39","52:28:00","05:18:26","01:03:18","01:11:46","01:34:52","58:58:00","56:43:00","01:14:38","01:02:16","01:17:09",,,,
"Regular",,"91","Florida Vol?e Team #2","Finished- Skipped Loops","Open",,"Female",,"01:19:35","01:16:23","01:30:00","01:03:51",,"06:12:35","58:30:00",,"08:50:42","01:30:16","01:04:37","05:28:09",,"05:48:39","01:15:20",,"08:16:39","01:53:34","01:08:22","52:45:00",,,,
"Regular",,"94","Psychopath Runners","Finished- Skipped Loops","Open",,"Female",,"01:10:08","57:32:00","01:50:07","01:10:19","48:07:00","01:20:44","01:11:37","01:04:31","01:25:47","01:09:04","07:20:22","01:53:46","01:05:29","57:23:00","01:28:48","01:16:39","01:31:42",,,,,,,
"Regular",,"104","Trailer Swift","Finished- Skipped Loops","Open",,"Mixed",,"46:17:00","54:49:00","01:22:37","54:04:00","34:15:00","50:37:00","01:02:31","54:26:00","05:50:43","40:59:00","01:14:29","01:11:12","40:49:00","01:11:57","01:03:56","57:27:00","01:23:35",,,,,,,
"Regular",,"106","Where S The Squatch?","Finished- Skipped Loops","Submasters",,"Mixed",,"01:20:01","01:29:56","01:20:28","01:08:39","59:35:00","01:21:38","48:54:00","01:10:55","01:46:04","06:11:19","01:43:48","01:18:37","57:52:00","01:02:31","01:09:31","01:11:07","02:24:41",,,,,,,
"Regular",,"120","Apogee 2 - Apogee Team Isabel","Finished- Skipped Loops","CrossFit",,"Mixed",,"01:13:36","01:14:51","01:11:34","01:23:00","59:54:00","01:26:56","01:01:20","56:28:00","01:58:21","06:13:17","57:29:00","02:01:20","01:10:29","01:00:46","01:36:33","01:01:29","52:40:00","01:48:58","01:12:10",,,,,
"Regular",,"125","Operation Enduring Warrior (Oew)","Finished- Skipped Loops","Open",,"Mixed",,"04:02:36","52:31:00","01:34:00","01:08:35","58:13:00","01:13:37","04:51:06","53:15:00","01:54:17","59:59:00","01:03:12","01:25:35","01:19:39","01:08:15","01:01:28","01:03:44","01:08:34",,,,,,,
"Regular",,"129","Tbd_freeman","DNF","Masters",,"Male",,"01:24:32","08:07:08",,,,,,,,,,,,,,,,,,,,,,
"Regular",,"137","Nerd Herd","Finished- Skipped Loops","Masters",,"Mixed",,"01:00:18","59:37:00","01:52:07","01:09:35","01:01:49","01:26:49","01:19:54","58:35:00","01:19:50","01:10:44","01:22:14","05:22:30","01:08:52","01:16:24","01:43:58","54:21:00","01:09:00","01:12:26","01:24:45",,,,,
"Regular",,"141","Apogee 3 - Apogee Team Grace","Finished- Skipped Loops","CrossFit",,"Mixed",,"01:15:52","01:12:23","01:11:42","01:23:05","59:49:00","01:27:06","01:01:16","56:27:00","01:58:17","06:13:21","57:30:00","02:01:20","01:10:24","01:00:58","01:36:28","01:01:26","53:09:00","01:48:42","01:12:05",,,,,
"Regular",,"143","Rag Warz","Finished- Skipped Loops","Submasters",,"Mixed",,"01:04:27","01:03:57","01:20:01","01:09:44","54:38:00","01:09:58","01:14:26","36:23:00","01:34:31","01:12:53","01:11:55","02:01:29","05:05:34","01:01:27","01:17:11","53:16:00","43:37:00","01:55:24","01:34:19","01:19:19",,,,
"Regular",,"148","Run Like You Like It","Finished- Skipped Loops","Open",,"Mixed",,"01:02:46","51:41:00","01:00:18","01:02:22","53:16:00","01:11:35","01:07:35","40:47:00","01:26:58","05:35:20","01:32:06","01:07:46","53:11:00","01:21:37","58:54:00","59:54:00","01:22:25",,,,,,,
"Regular",,"151","Reprise Runners","Finished- Skipped Loops","Masters",,"Mixed",,"01:09:25","56:25:00","01:38:34","01:07:57","01:13:40","01:59:13","56:26:00","36:13:00","01:27:16","05:08:39","01:27:53","01:31:21","01:28:50","01:09:31","49:53:00","50:16:00",,,,,,,,
"Regular",,"153","Got Water?","Finished- Skipped Loops","Masters",,"Mixed",,"54:46:00","01:05:36","01:12:08","01:19:35","58:18:00","01:06:26","01:24:22","01:17:29","01:21:42","01:19:11",,,,,,,,,,,,,,
"Regular",,"156","Bear? I Thought They Said Beer!","Finished- Skipped Loops","Masters",,"Mixed",,"59:30:00","46:09:00","01:31:59","01:22:46","48:09:00","01:33:21","01:18:36","52:00:00","01:32:39","58:27:00","58:16:00","01:55:44","04:59:17","01:07:28","01:44:15","01:12:28","01:14:45","01:24:06","01:12:18","01:27:52",,,,
"Regular",,"164","Mighty Merkin Park Rangers","Finished- Skipped Loops","Open",,"Mixed",,"01:14:24","58:01:00","01:01:41","50:46:00","47:27:00","01:13:12","52:32:00","59:48:00","01:27:00","01:04:20","47:04:00","01:04:28","05:27:15","01:06:36","01:17:39","01:05:33","01:02:03","01:17:59","01:38:58",,,,,
"Regular",,"166","We Thought They Said Rum","Finished- Skipped Loops","Masters",,"Mixed",,"49:09:00","56:31:00","01:23:15","57:46:00","59:17:00","01:22:33","57:28:00","46:14:00","01:08:07","05:34:39","01:02:04","01:54:00","01:11:36","57:47:00","01:07:45","52:14:00","10:37:00","59:49:00","52:13:00",,,,,
"Regular",,"172","Meet@themile","DNF","Open",,"Mixed",,"49:24:00","53:35:00","01:05:18","53:35:00","46:09:00","01:01:48","50:55:00","49:45:00","05:31:40","01:03:19","01:05:12","01:10:02","54:54:00","39:40:00","01:00:51","58:20:00",,,,,,,,
"Regular",,"176","Papa Smurf Blue Crew","Finished- Skipped Loops","Open",,"Mixed",,"57:07:00","50:45:00","01:55:40","01:24:10","01:02:53","01:08:36","01:08:25","37:49:00","01:10:52","01:02:53","49:34:00","01:41:39","05:17:34","01:09:18","01:33:22","43:56:00","51:07:00","01:14:34","57:31:00","01:17:24","01:23:36","54:01:00",,
"Regular",,"179","Leggo My Eggo","DNF","Open",,"Male",,"01:02:28","58:11:00","01:31:26","58:39:00","01:00:59","01:25:57","01:22:52","46:41:00","01:12:51","05:52:57","05:12:44","01:28:55","01:23:16",,,,,,,,,,,
"Regular",,"189","Team Bottoms Up","Finished- Skipped Loops","Open",,"Mixed",,"01:09:57","54:20:00","01:40:30","01:12:49","52:45:00","01:08:30","50:53:00","51:59:00","01:34:41","01:06:30","49:38:00","06:40:08","01:13:03","50:19:00","01:02:02","54:34:00","01:17:28","01:23:07","01:04:43",,,,,
"Regular",,"196","Crossfit Total Control West","Finished- Skipped Loops","CrossFit",,"Male",,"39:42:00","46:16:00","01:07:45","01:01:19","44:56:00","01:08:56","56:27:00","46:48:00","04:58:25","01:01:34","50:47:00","01:40:24","46:27:00","41:30:00","01:09:17","48:40:00","33:32:00","01:06:02","56:59:00","54:50:00","56:24:00","47:53:00","01:05:27",
"Regular",,"209","Oym Tutu","Finished- Skipped Loops","Open",,"Male",,"01:15:34","47:02:00","01:08:45","57:15:00","43:20:00","01:26:07","46:53:00","53:25:00","01:36:55","57:33:00","48:33:00","01:25:46","04:56:38","51:09:00","01:21:30","01:04:52","01:11:34","51:00:00","01:08:21","44:05:00",,,,
"Regular",,"211","S.W.A.T.T. (Sprinters Walkers And Trash Talkers)","DNF","Corporate/Public Service",,"Male",,"03:51:30","52:04:00","01:18:05","01:03:01","40:40:00","01:26:44","01:13:16","04:50:36","01:31:21","01:06:33","57:08:00","01:10:24","59:59:00","57:10:00",,,,,,,,,,
"Regular",,"215","Smooth Hoperators","Finished- Skipped Loops","Open",,"Mixed",,"31:19:00","01:23:56","01:03:44","50:21:00","01:02:02","01:06:15","38:02:00","01:30:58","57:18:00","57:42:00","01:26:23","05:34:33","01:01:31","01:08:31","01:00:22","01:25:21","01:20:25","59:33:00","01:04:23",,,,,
"Regular",,"218","Centralreach","Finished- Skipped Loops","Open",,"Mixed",,"01:39:28","47:03:00","01:14:20","01:10:35","50:08:00","01:07:15","53:27:00","50:30:00","01:27:42","01:16:30","01:31:06","01:23:21","05:19:57","44:30:00","47:52:00","01:09:42","01:01:38","52:56:00","01:17:21","52:44:00",,,,
"Regular",,"225","Team Rwb","Finished- Skipped Loops","Open",,"Mixed",,"50:42:00","48:15:00","01:13:59","53:29:00","01:12:03","59:53:00","53:07:00","40:24:00","01:05:06","57:29:00","45:53:00","01:17:04","01:23:47","05:06:16","01:17:39","01:20:36","46:12:00","01:15:17","58:03:00","01:09:41","50:12:00","44:01:00","01:53:52",
"Regular",,"233","Axoplasmic Flow","Finished- Skipped Loops","Corporate/Public Service",,"Mixed",,"01:38:47","01:20:49","01:10:57","01:18:06","01:00:04","52:20:00","01:55:10","01:18:02","01:37:05","05:34:30","01:09:31","01:07:26","01:32:00","01:08:31","01:25:31","01:00:04",,,,,,,,
"Regular",,"238","Crossfit Gaspar Krewe","Finished- Skipped Loops","CrossFit",,"Mixed",,"52:53:00","37:26:00","01:12:38","49:27:00","35:33:00","01:11:24","56:01:00","34:43:00","05:58:03","52:02:00","01:01:14","01:06:21","48:38:00","50:19:00","01:16:12","01:01:50",,,,,,,,
"Regular",,"242","Crossfit Gaspar Krewe 2","Finished- Skipped Loops","CrossFit",,"Male",,"53:54:00","39:51:00","01:09:58","01:03:28","52:06:00","01:12:32","01:16:16","44:55:00","01:10:14","50:43:00","54:34:00","01:23:05","05:12:35","54:36:00","01:34:30","57:28:00","45:39:00","57:13:00","01:55:20",,,,,
"Regular",,"244","Phoenix Rising_Ocharan","Finished- Skipped Loops","Open",,"Mixed",,"01:24:55","01:12:26","01:57:11","01:04:56","01:00:20","01:25:06","01:20:52","01:36:56","01:49:30","01:36:31","05:18:46","58:37:00","01:25:25","01:06:29","01:11:47","01:22:28","01:12:51",,,,,,,
"Regular",,"668","Run Like The Winded","Finished- Skipped Loops","unknown",,"Mixed",,"02:10:09","59:26:00","01:00:30","01:15:28","42:01:00","01:28:38",":44","01:21:21","01:13:19","56:55:00","06:09:37","01:13:03","53:22:00","55:47:00","01:39:49","57:23:00","01:36:21","01:03:02","39:49:00","02:12:50",,,,
"Ultra","1","5","Wanna B Kenyon S","22:57:58","Submasters","1","Male","1","41:35:00","37:00:00","45:10:00","42:21:00","38:02:00","52:09:00","38:41:00","35:51:00","55:27:00","04:55:53","37:01:00","56:40:00","47:45:00","44:08:00","57:35:00","43:10:00","38:44:00","59:01:00","45:00:00","54:40:00","55:15:00","48:48:00","41:48:00","01:06:02"
"Ultra","2","95","Chafed And Confused","24:20:34","Open","1","Male","2","46:26:00","45:12:00","51:11:00","45:05:00","46:36:00","52:52:00","53:28:00","45:34:00","05:55:32","51:43:00","55:13:00","57:15:00","42:24:00","35:23:00","57:42:00","51:27:00","37:46:00","50:24:00","51:26:00","37:46:00","50:24:00","51:27:00","37:46:00","50:24:00"
"Ultra","3","63","Endurance House Harriers","24:23:03","Masters","1","Male","3","40:37:00","36:39:00","56:30:00","50:43:00","42:42:00","01:23:25","42:23:00","37:32:00","55:18:00","48:29:00","44:36:00","05:05:22","56:30:00","50:44:00","53:14:00","45:34:00","36:55:00","44:41:00","50:47:00","46:15:00","01:05:46","01:02:01","37:27:00","01:08:42"
"Ultra","4","139","Ultra Kitten Caboodle-Trail Edition","27:12:26","Submasters","1","Female","1","47:29:00","45:02:00","58:59:00","58:16:00","40:22:00","01:05:29","50:43:00","55:04:00","59:33:00","59:01:00","43:23:00","01:29:36","04:50:27","57:53:00","01:06:14","01:09:01","42:54:00","01:05:35","50:45:00","58:18:00","59:23:00","53:02:00","51:45:00","01:34:02"
"Ultra","5","201","Ekipo","27:58:38","Masters","2","Male","4","53:42:00","40:33:00","59:50:00","53:55:00","50:15:00","01:02:31","48:43:00","05:17:00","01:28:07","57:00:00","44:41:00","01:04:31","01:19:53","47:35:00","58:23:00","52:09:00","52:37:00","01:13:11","52:08:00","52:37:00","01:13:11","52:09:00","52:37:00","01:31:11"
"Ultra","6","158","On The Straight And Narrow","28:56:00","Open","2","Male","5","52:42:00","51:08:00","01:05:25","01:01:54","55:00:00","01:26:37","50:01:00","44:34:00","01:20:12","05:33:50","59:15:00","58:55:00","01:19:23","01:00:59","54:00:00","57:24:00","51:28:00","59:08:00","01:18:02","59:50:00","49:05:00","01:18:01","59:50:00","49:04:00"
"Ultra","7","24","Raw Feet Ii: Ultra Raw","29:24:45","Open","1","Mixed","1","48:02:00","49:18:00","01:04:15","01:00:38","53:49:00","01:30:04","47:58:00","47:04:00","01:14:57","01:01:51","50:35:00","01:20:06","05:35:17","01:09:10","01:10:25","56:22:00","52:58:00","01:16:30","53:59:00","46:46:00","01:12:45","01:05:39","49:15:00","01:26:51"
"Ultra","8","204","Rag Out","29:53:54","Open","2","Mixed","2","51:38:00","54:33:00","01:15:22","48:59:00","48:18:00","01:16:16","01:09:46","43:09:00","01:11:06","01:09:58","01:02:24","05:24:50","01:09:28","58:02:00","01:47:37","56:31:00","51:57:00","01:15:48","01:11:18","49:21:00","01:08:21","01:11:17","49:21:00","01:08:21"
"Ultra","9","89","Buns On The Run","30:42:57","Open","1","Female","2","53:59:00","53:12:00","01:30:42","01:19:52","44:58:00","01:07:13","55:19:00","55:11:00","01:22:53","01:03:25","01:07:35","01:46:42","05:21:13","55:48:00","01:02:43","01:05:01","53:24:00","01:15:08","01:13:51","01:07:45","55:00:00","01:09:05","01:07:44","55:00:00"
"Ultra","10","205","Team Fca - Ultra","32:33:40","Submasters","1","Mixed","3","01:16:36","43:35:00","01:16:58","53:11:00","58:38:00","01:06:11","01:08:10","01:17:45","01:43:45","55:15:00","05:49:42","01:46:59","01:10:28","51:19:00","01:30:26","01:01:58","01:01:42","01:17:51","01:01:57","01:01:42","01:17:51","01:01:58","01:01:42","01:17:51"
"Ultra",,"22","Pineapple Express","Finished- Skipped Loops","Open",,"Female",,"01:02:59","01:13:43","01:40:35","01:22:00","54:40:00","01:50:41","01:27:09","01:13:54","01:20:48","01:41:33","06:19:53","02:08:22","01:05:38","02:32:55","02:36:42","01:51:56",,,,,,,,
"Ultra",,"64","Filthy Mudbloods","DNF","Open",,"Mixed",,"53:36:00","43:33:00","58:46:00","01:05:28","48:46:00","01:03:45","52:10:00","01:01:54","01:20:47","04:54:37","50:36:00","01:57:42","01:33:13","01:25:49",,,,,,,,,,
"Ultra",,"66","Two Rules Running - Ultra Crazy","Finished- Skipped Loops","Corporate/Public Service",,"Male",,"59:36:00","53:58:00","01:24:35","01:04:20","01:03:11","01:32:49","55:13:00","51:40:00","01:28:37","01:21:42","01:10:46","01:37:40",,,,,,,,,,,,
"Ultra",,"119","Cousin Eddie S Dickies","DNF","Open",,"Male",,"01:01:41","01:02:53","01:12:07","01:06:38","52:50:00","01:52:17","47:17:00","49:23:00","06:01:12","01:24:41","58:03:00","01:32:43","01:49:15","01:28:25",,,,,,,,,,
"Ultra",,"123","Trail Force One","Finished- Skipped Loops","Open",,"Mixed",,"57:40:00","58:35:00","01:41:33","01:30:26","01:09:03","01:56:05","01:29:00","01:36:00","01:21:37","01:09:58","05:11:17","01:50:43","01:26:05","01:20:01","02:02:54","01:18:53","51:14:00","01:12:46","59:14:00",,,,,
"Ultra",,"177","Run Hard Eat Donuts!","Finished- Skipped Loops","Submasters",,"Mixed",,"01:12:04","50:07:00","01:33:54","59:24:00","01:04:27","01:13:12","01:17:22","46:55:00","01:30:59","01:06:17","01:15:37","01:11:36",,,,,,,,,,,,
"Ultra",,"183","Bamfs","Finished- Skipped Loops","Open",,"Male",,"48:25:00","47:09:00","55:11:00","56:13:00","44:27:00","01:05:08","41:47:00","36:17:00","01:28:39","04:41:52","39:43:00","54:51:00","01:22:37","45:59:00","01:40:03","52:59:00","43:14:00","01:35:06","38:46:00","03:43:40",,,,
"Ultra",,"217","Centralreach Ultra","Finished- Skipped Loops","Corporate/Public Service",,"Mixed",,"51:32:00","49:30:00","01:02:00","47:23:00","50:08:00","01:25:51","51:51:00","55:56:00","01:09:28","01:11:20","50:54:00","01:18:17","06:12:58","01:30:04","01:16:24","01:15:15","57:30:00","01:08:42","56:53:00","01:16:27",,,,
